filing_uuid,general_issue_code
9a6cbf6c-d81a-4ccd-90dc-0a645a36f1c6,ENG
ef5e016c-485e-44c2-846a-d2bcf81c35b8,TRD
9177d9c8-88db-4c9e-8db0-59ab28ce1ad4,BUD
87f36743-f537-402f-b786-3fd8d754a889,BUD
7396296b-6c0e-456e-a11f-2991da5374e9,ALC
69d9886d-1bea-46d1-8baf-38da130c948f,URB
1817a9ee-a9ab-4506-b7a1-d402b4da2ceb,RET
d8d7560a-87cd-43a8-ac88-1c1e3786b7f8,MAR
7eed89c6-4475-4c06-b084-cc9252830834,LBR
9b390e3d-a4ac-402c-82c1-c8b9b45c4326,BUD
a7a6d44d-d669-4628-bacc-159d7ecfb6ca,GAM
3a210b2a-b6d2-4337-a738-0e8c524e8f99,TAX
47018f1c-5f92-48b2-9dd1-f1c8360aec4e,TAX
30d9ce47-78a3-436c-aff6-85d7e9e0ac3f,IMM
499757ff-bca5-4cdb-98cd-472612045765,TAX
870808de-8217-493e-80fe-003bfa9baf24,RET
94d2fa6d-4c14-475d-9519-b15631ddbd68,MAR
16989ad7-07b7-43a5-a418-29e48d36858e,TRA
e1bae975-5996-47c4-9c05-da0a87573d94,EDU
62e05b89-05aa-439c-a56d-2cc7da2842d1,ENG
b3ef4067-13a2-45a7-949f-4b0283d3ed2e,TAX
75215667-6227-4404-b64d-cab22dfbc7dd,DEF
856f09d0-5a5c-4cd1-9ad6-167d49874aae,BUD
24a46acf-2b30-4393-b3fa-59dba72f1d66,BUD
95667bec-cff0-440f-9fc7-63939ecebbfa,BUD
06875b4d-b8fb-424f-8771-5c6f7ab8798d,BUD
09d36cd1-a53b-4499-8981-0672873cacef,GOV
29d9be79-1fd1-41ce-b219-1d7589f8faf5,RET
ea5a9673-317d-4fdc-8907-05ec7c842f6b,LAW
a82c7287-3490-4550-a0ab-7d8d94d4c1fe,RET
9699779f-fc26-496f-8580-4227d705cc60,TAX
74ec6d3d-8a92-4ce2-ab05-814e7fa0c31e,CSP
ad5abbb2-cb6f-4d7a-bac8-821badb664ae,CPT
dbe0e399-532a-4664-9f98-003083467608,MED
39f134ed-4542-40da-ab6e-4e12e02ec528,BUD
c80b907e-66c6-4b05-a11a-d7d9e4308a5f,TAX
50756f40-ae1e-4b73-a050-b47bc29a91d3,ANI
cc306c97-b7ce-4dec-959c-43197f1babe0,TAX
245b4b0a-da0e-4f29-a8b0-6b7d5a27be53,IMM
173ae121-02cb-4899-87b8-51e920288011,TAX
85bcb82c-c8ee-489b-810b-57e8fa402cdd,TOR
b851e748-1033-4ebd-b039-2882e48d93ab,BUD
993c1126-28b4-4848-98d5-7605fdac7297,BUD
131be668-186c-4984-98af-8d9d004d3cd7,TEC
77bdf5ce-f824-45f6-859e-24e345d2736e,DEF
38e8cdc9-a968-4f45-970b-ac079ea6c8b4,MAR
864d0891-3ba4-43c7-bfc5-bf7747ba93ca,BAN
57c1dcc3-e2ab-4571-ab05-6ff11467db06,BAN
d8edc7d7-514e-46a9-9ac5-83c944e5c1db,AVI
5b193028-69fd-4bf1-a865-0230894ca557,TAX
05f021cf-8b85-4460-86cc-e11923fbfe08,URB
6a6bbaf3-77e9-430f-b2dd-05664890d2d9,TRD
b5944526-bfdc-4155-9cea-e4d703626387,TRD
28213125-48fa-4314-b3f1-5eb19680a30a,TAX
b2438d9d-66ab-4de6-8182-f95c3d3e4074,TAX
e27d4556-f956-4833-9f47-350adaf15357,MAR
27a738b5-0184-498e-8ff3-18c964ce5b7f,UNM
236e9e73-5465-4c0a-8dff-0f34e55ea809,GAM
634f7d18-e2ea-4920-bd6e-42cbf6802164,BUD
61723f20-6e72-4fee-afe0-a13635d17970,HCR
e6b52360-b63f-45c9-9450-adf6f76e3400,IMM
e153a805-cd2f-47cc-abe0-82002715b4c3,DEF
8a48fe03-79e6-4805-816c-91fb7d05804e,HCR
d220a31c-7244-4514-9be5-e73c1bc936e5,CSP
089a4277-c0e0-43f5-b36e-104da977371e,TAX
248d603c-2aed-420d-bc34-3c68ba615d9f,EDU
6157cdb2-87e0-4159-9e9e-ea0496ecf8a3,AUT
b7ca6bf1-5e6d-4eb8-a71e-17ed08a7feed,BUD
65841c5a-42ee-4586-86e6-8ba9ab1e1894,BUD
cbadf5bb-611b-470a-b465-8ae79f4ecd1e,LBR
9b553b89-da7d-4421-9ae4-17228baa9271,FOR
454a5bfa-8910-4bd5-a9a9-acab573caa06,BUD
fc70b64c-c226-4e56-b036-56276ac60749,DEF
d9fdcdec-511a-4a88-b777-6d07e6e63ceb,CPT
f0549c6e-0822-4c6c-89e5-b0fd004fe8b6,HCR
86b12ea8-bb04-4181-afa5-5c7df32c19f1,TOB
d5d96888-d9f3-4241-8bc2-f86a606a36d1,HCR
1c13bfd4-5a2f-4f49-bac3-d2a0bb6f55bc,TAX
c74b422d-9f16-47a5-8ce3-19b9a6735cb0,BAN
7dff07a4-d181-4c37-a801-63ad2c054602,CPT
93c55945-dcf3-4c68-86a7-5c1f42d3b306,AVI
573ef0a0-14eb-4169-b98f-4f8caad8f2f4,CAW
af4c29ec-5fa3-4e0c-ba01-3c77f16e010c,MAR
3be97bcb-f0f5-47b5-b1d4-bd21015e1b56,BAN
dc2a20b3-2993-4745-8bf1-6e8544ae52db,UTI
5af2d0c4-d370-4284-bd22-6fb38e504943,FAM
3d582519-6e0e-4826-ab95-a4f93df4fc7c,APP
c5233304-9770-48be-93aa-5c558c9f3cad,DEF
2a0d8e11-59a8-4cb4-b93b-012cc58268a3,BUD
97c43c07-2fdc-4b73-9cad-f3d5b8569cc0,HCR
2b3c55ca-1446-47a2-8a8f-b62cb8ec8b0e,HCR
88c2546f-9803-4285-9fcb-40e9a81ae553,TAX
d8edba4f-b622-423a-b8fa-5547a633e655,FIN
1a1ab238-d54f-4394-b79d-cd2eb3fa198d,SCI
c14b8420-345b-49f8-97e5-1f1a95c4a4e2,TRA
7075c049-a524-4da2-b412-4f7f0ce570e7,NAT
b752256d-0781-4fdc-a154-a92ecd57a255,TAX
b039b323-68a0-4f1c-aab4-6a7569aa7623,AVI
9bdeb1ef-a88e-451d-8f8b-8d4dd13c3fd6,MED
b9e01b22-0ea2-420e-8713-7685f08f5fd9,IND
a873aed4-b5ba-44d8-b187-7218bce01a36,AGR
173d4dca-c351-4fd8-a004-d6038ff93221,AGR
cdd3b90d-3a59-448d-adeb-0f698bb677ed,AER
5f4e0de1-5d50-4a3a-8358-c109e87668bd,INS
88c74367-2359-4963-ba21-28135ca7ece4,RES
1167b0ed-45cf-46f4-af19-28a40d2829f7,BAN
cf4f6ed0-60ae-4b38-a35d-c75bce4104d6,CPI
6ec13918-8f39-4b53-943a-a1c6dc6e1eba,TRA
a3f68308-1a32-4ded-be80-d3ea12ff9960,MED
92c836b0-e653-4dd6-ad60-204a7ae76890,NAT
27ce9602-98aa-4e07-88cc-7e08660a6140,BUD
6eea3af3-bd7a-49db-a138-1a4f7715627d,CPI
962403ab-929d-438f-8fa0-ce6901a9cf34,NAT
9bc24201-2f7c-442d-b7e7-5df040540139,ENV
0d1ee6cb-00c4-4c57-8817-7be3e0c6917a,BUD
015a65d0-2eb4-4d3a-aa2b-22cf9bf1df2e,CSP
e392c83f-c706-41b3-b1c5-482ef728922a,DIS
fe4c5012-98f9-4dfa-b111-b948f7f90eab,MMM
eb5e4e92-01ec-42c4-bdcb-1b3720a6d963,GOV
3a7af2b1-bbca-4997-8993-48c972451ed5,FOR
67af8e26-0785-4c79-a364-6294e07bc7b0,ENV
2bd18356-7d11-4691-8054-90d5cf684d27,ENG
4b1b8ecc-ca54-48ac-b152-3cdf176f073b,SCI
d2ddc4d0-8dc8-430d-bc31-1c55cf4ea856,EDU
9d422bda-4944-4c18-8ca9-cb3cbece94a3,PHA
d376289e-9da5-465b-9796-11f8969fa7a5,TAX
ddd85ad2-02fa-4736-870d-0c0d48aeefb4,HOM
e99965e3-d6e3-495e-9823-d27ea8e1bc10,TAX
df25c3f7-b5a0-4d99-92eb-3c32078749af,ROD
5cc5a12d-9d02-4c9d-9d23-6d7c5862e1cf,HCR
07e85047-abbc-4f55-8377-38c39c4fbfcd,CPT
11b8b8d2-f5f6-4509-90ce-c54c247d5795,DEF
a3f0602e-6545-4921-a5ad-43d8805bd393,TAX
bc42946b-08b4-4590-a2c3-dc7393502d5d,TRA
16d7a8ba-fb2a-49e7-b3ad-c95dab555948,GOV
ee2e7df0-a641-4930-bb64-9414f0eaa3c6,CPT
20094bfb-9215-499c-aa9f-0e24033210de,DEF
5fbd244d-8536-4a39-bba8-7a1932fc70a7,HCR
333c888e-f2b2-41ab-bcf0-732e9727e6c4,ACC
731521d9-187d-4e28-94b8-354a95d31029,BUD
4272575a-ee5b-4021-aa64-bd70455e2dbb,BAN
1450d347-bf8f-4a4a-baa7-78c0a665500e,BUD
3a51fb1d-6c2a-4bbc-92e0-2472d7f1a6fe,RET
2f359fa4-f8c0-4d3c-aec2-80499fe0b2bd,INS
a7ec0091-147d-45e6-b78b-dca1d1fed842,HCR
608ebea1-d6d3-4371-82dd-4592ed5e4b6b,AVI
debcb6fc-1f2b-4e3d-a93e-25026c8d77bb,MMM
0f3939c8-fcf7-4ec2-9764-723ce8518a37,DEF
91269316-c70d-4fd8-849c-59be991526be,BNK
81346252-0ceb-4607-b386-b524e3a04ded,BUD
6ebc58bb-77e2-4c59-846c-485475b027b4,FIN
81ffbcac-9f1e-42fb-b764-7ea0d543f878,GOV
2c936344-653c-4539-a03b-e252551dd756,TRD
f540cf1e-df0a-4427-abb4-e6ed83d00153,DEF
9ec61e23-d183-4357-b8c4-a0dfbab68eb2,POS
129c2b5c-9b46-4616-af46-495672102532,BUD
806063e3-a44b-4ea9-9e76-013097065f6f,EDU
ff5d814b-0c2e-471d-a0b6-7bced4bc1bc4,TAX
3bdf4958-ed7f-47ee-9c69-bf2137a429f0,FIN
7d3bc68c-286a-40f6-b157-03d02b6560bb,HCR
72887369-3ca6-44ce-aa21-f44826b661d5,CAW
6154b392-cbdf-4f4c-be5f-00237d61e639,PHA
696cef9d-8659-46f3-a25b-6fde26a45ad5,ECN
467fba50-893e-413d-8e6c-a30d71e54cce,DIS
905bc0dd-d9f4-4ed3-8800-bc064747eee5,DEF
3519d4b4-350b-48dd-a44d-d18921475ce6,ENV
d8286134-2078-4d96-bd2b-08233db1d27f,TOB
ce16ab56-45d3-41ae-87d3-65a007d239d3,BUD
3990d92c-f204-4d71-a0ab-4460f6a0274b,RET
05331779-50c6-4f67-8c30-230dc2e68a23,SCI
1e661bf4-6888-45c5-9239-7e267429a087,LAW
5f71b3e2-5911-4cf1-b2f0-ae4446ca641e,ENG
43708629-29e7-4022-9de1-41722d8a865c,HOM
93522292-b12d-45b0-a7a2-2688a95f4380,ENG
ea813fb1-b393-4c20-90c7-5c4bf856f779,AGR
eb08eb78-c0a2-47ed-856f-a62ea661b963,LAW
cebb4169-2ab8-4b8e-9cdf-45667ba02278,BUD
865ef552-fee5-4058-bcd5-5e7db4feaa16,AGR
c81ba0ae-dee4-45eb-8511-586ba99a7f04,CPT
4a7eefbe-13e7-43f1-98a1-996fdf2707fc,BUD
9f08549f-3875-4d57-9db7-ed1e5bf3c7fb,TRD
99d1cdee-b5c8-4ea0-8eb2-5649ce97aa28,HCR
00ff79cd-166c-44d2-8593-d3424f2603ac,MMM
ff80485a-1302-4dba-881e-47c5948bf5e3,DEF
7b7321c8-03d8-40e6-9ceb-98468011667c,DEF
05cee7b0-45b8-4e5d-9524-3b162e93f1b7,MMM
6d466cd5-b73b-4a4b-ba6e-8c828a6165c2,FOR
3c753268-f1c7-4b0a-8283-7bf433cb5752,BAN
a4008933-67c4-4a26-bc62-3f3c8030c732,CAW
311ef05e-5580-4b83-b8df-dca6b5dee4ce,AGR
b84604c4-5ed8-4e4a-a3f8-866e10361ddd,FIN
a05be619-f320-4483-81df-d0fe4f7fb869,TRD
1b4158fc-1b70-40f6-893c-a8833e89fb97,TRD
71642085-d9d6-444f-8f4f-0fd14812bb31,TRA
a3886e11-9eb0-4682-9a17-13ecb3678882,DEF
f3f2f448-94aa-4887-a222-ad902cc51294,GOV
231a2555-74c1-493d-90cf-3a1015fb3ee7,BUD
8c347e7e-ae74-4b5f-96dd-05d8ecdaa217,BUD
86d9834d-f392-4610-9853-c2ea5d2fa239,AVI
7b954c3d-3703-46c1-af79-7c113f2cba58,BUD
0f757f2a-40c9-4810-97f7-dd00e49620ef,DEF
1e02b73f-5d6a-4bcc-8028-ff88766ebc54,AGR
ac9196ad-c65e-41ea-ad7a-d330976bfe70,AGR
197b93bb-6175-4bcc-8a30-550e13eed3aa,IND
e65ee9d1-2785-4e65-b21b-90f085bfb30c,MMM
2e657371-7b0c-452f-b626-a2fcd409d6fd,DEF
dc061bb9-841a-4db5-bcb6-b8bf49006340,DEF
66cc5808-d784-4900-b9e7-1eb5b36fb8cc,TAX
f6f31cc1-42b8-4e3e-b65e-0e5d234fb441,TAX
c39443e8-4011-469f-a689-ccc63c9697f6,BUD
72d69e55-d212-4063-a7a0-c0c08b2913d5,BUD
a72b4c40-947d-4b53-89f3-0b455ce75957,TRD
907750c2-205e-4cf2-8435-3c8dc0d08045,AGR
3f996e48-5d64-4745-b9a7-432a5e7bb9e3,ENG
817ac146-08f4-44be-a3ec-e24b69d7afed,HCR
d389e723-5c6b-4434-9e95-88dee22112ff,MMM
8099568f-1047-4ad1-98c2-cf25c3c48b67,INS
3a210b2a-b6d2-4337-a738-0e8c524e8f99,CPT
b9bbdb5a-1508-41ef-a1fe-f9e9cdcfe0a4,BUD
26288527-fe37-413f-b262-759bd1a6c207,TAX
dd76effd-c4a5-4a23-b83d-a9aff2dbbc54,TAX
e4cec9a7-d147-426f-884f-677c7aa7d03f,CHM
314990e9-4880-441e-9860-996a0f2b7d35,PHA
f7ae321e-0bf0-438c-b377-4f41944b8f97,CAW
c7226ecd-2da4-4e05-8738-c327ed4c4406,DEF
22e2050a-e538-4e0d-983f-f10da28b3077,RET
db10383a-1515-49df-a90e-f64fd9a10bb1,TAX
78e3a684-f5c3-41d3-b518-39699f9cc30e,BUD
46337053-f602-43c9-bf2e-27a8edfdcb59,BUD
27ee9aac-0339-48df-9705-e8d92862757d,TAX
88c2546f-9803-4285-9fcb-40e9a81ae553,BUD
00e275b4-edf0-46b6-9680-781a92854891,TRA
fa21bb3e-9c8a-4ec7-97ea-1a7b49dbc872,FIN
e9e5272f-f22a-4f5d-b75b-71634e716745,AVI
ebc6f384-2569-4ef7-8276-44741cb33d02,INS
75eb097d-3596-466f-bfb5-f1674fcb2df1,IND
faf22901-c635-431b-aa8c-e762428a0bf8,BUD
364178bd-4cd1-4b2e-b539-6a32a9ef5f6e,FUE
e29054d3-fd9d-4d70-a1a1-5c8521feb84f,BAN
74aaa299-84ee-46aa-992f-981af753073c,EDU
54aa73ae-fb30-4e7b-abc6-43e2a03524fc,LAW
2573f32b-7fb7-48fe-b433-3afb6d136c1e,BUD
463201e4-bb6f-49c5-a785-0a3fe6caaada,TAX
147f6ab4-c489-4fd6-a287-dd0291bc199a,TRD
c095f387-e81e-4878-ab2f-91f00d730241,UTI
a355b574-f4e4-4ac2-8c5e-b1650ad066ba,POS
e06e63e7-cc90-4277-85b9-a8e82be67a0d,TAX
2e14fe15-c70d-4b56-8c6a-5f98e7f0b1bc,TAX
7a1f9ed0-8c04-41bb-b7c5-8f054d7a77a1,BUD
2226c545-72a9-4bcc-a5b6-10d8bac76968,FOO
e3954648-92b9-4629-890f-91cb0195f5a3,COM
15dc5587-3a7b-4091-a9b9-3f2eb3dc24c1,TRD
0deab37e-98cb-4a0c-873e-ba44e1b9670d,UNM
26af6a7f-bdcd-4415-8d51-1c538ca34d62,TAX
6360542b-6e08-4112-b5d4-7374471ea265,COM
756eafed-b5bb-4a76-a569-fe06d109607d,MAR
33962567-7740-4d1a-92c9-68965b3cd532,CSP
9a9e1329-f258-4214-a485-3f1eb0258d2c,MAR
24723016-18e8-49cb-a39d-066c56984a54,BUD
2913c708-a2ae-4014-b41a-6685c6199a0f,LAW
4a5a69d7-5d69-427b-a6c2-0d77f2b01daa,WEL
1903b20b-f333-43c1-8d4b-c8d46c9225e6,SCI
e6369e24-e284-48e7-8ac9-2671a7904737,BUD
87d5bc1d-4b02-44dc-b992-9762fc8173b5,BUD
4f3ba23d-6c5a-4913-a2fe-4e438e51e0cc,DEF
28cd3080-1d8e-4032-a978-08bc4feffbfb,TAX
3cf81a87-b553-4f11-957b-e7c48a3533a5,WAS
218b7234-ba39-4aec-93f2-99d36f6a890c,HCR
1bd19c5f-2f5a-4407-858c-12c38677bec5,INS
9e832d81-fb09-4927-9d5e-1c935311b00a,TOR
8ed03ff1-6a55-4fcd-9d34-8e16dcdc9557,DEF
7608801e-d7fe-4ad7-a82a-9c46f5d944c9,AER
ff207b5d-bf21-41f3-bda7-883a61c88b37,INS
6fd8066a-7bf5-4086-90fc-58263a89faab,ROD
697dc85e-fbcf-43af-ba71-f4e24a759b20,TAX
a2926627-518a-439c-be42-455d48ce098e,FOR
db5e91a8-ab3d-4a09-a06c-e8b90357c6c5,HCR
d253c0a5-43de-4413-829f-9c7970a2c311,INS
de504f04-13f3-4b16-8a35-8ded073b43ce,FOO
001958eb-fcdc-4fcf-8bf8-362a45e52fc4,TRD
bf85d707-0278-4c25-a412-8cc5ad6da42e,DEF
50f11be3-d3e9-48bc-811c-dd3ef461d960,DEF
39f134ed-4542-40da-ab6e-4e12e02ec528,IMM
7653af81-199b-4f94-9074-4db724667e0f,MMM
a3199a1d-c45b-4457-b61e-788720e860b2,CSP
8d4b7618-f603-4236-9cd7-42d7985137cf,DEF
d3cf6bec-8e5b-42cc-af46-ee33ba4b70a1,EDU
2b9d3230-1fe8-4833-8245-878497e96f0e,BUD
61b588b5-04e4-46e2-ac6d-55ca2e05f154,TRA
961eaabc-f7ac-4483-a98e-7330536fa500,HCR
d938ddb2-8c2e-466a-8a5c-97c7c1321cae,CAW
d29678f1-5839-440c-a9c8-4020c41b3f4d,HCR
edff66cd-af37-4c88-b329-e52d9f8d2d82,TOU
a682487b-dd44-4b8a-aceb-30ecdf902df8,TAX
ff207b5d-bf21-41f3-bda7-883a61c88b37,RET
785a0aa0-5461-4d49-9432-aa6ccf1f1aff,INS
8030043b-c391-4f68-96ba-473735a99583,TAX
c7800aca-6835-4423-bb17-96f4e185ec60,HCR
e7d96465-1c66-4704-b181-6670104c7274,EDU
4a747486-d665-4678-8240-d3ef1ea60260,BUD
2613f5ca-761a-49ff-9f94-f6bda279c2fd,BUD
61927cc9-96fa-47f7-9e6c-7707227e60d4,DEF
753a78c5-17f8-4839-9ed6-f48922871bfc,AGR
28ac7f8e-b5b3-4f76-854a-53f37b7725f1,COM
4d0e6041-9dee-4ccd-a8c1-76fc40116542,TEC
960d8028-d8c4-487a-92e3-0d7dab75c61d,ROD
75397f78-cf89-4512-b601-09151d60183d,RET
e9856609-194d-4ed7-b1bd-6d2cb98f7d74,TAX
80cf91e4-afb1-417c-ae67-d0c2a58e37d8,BUD
694f8cb5-4391-4dd0-b7e0-80e1cb7b73be,TRD
3306b109-334a-4f14-a2f4-1772482a512f,HCR
32debcd3-7ff9-4717-becb-1e9b7c73c87f,HOU
06c29c84-250f-478b-872a-2f647d9dc044,DEF
cb3ab260-a049-43e4-9ef6-a3f8ea6b3df5,TEC
cdf86d62-c668-401a-a3ae-b52068eb883b,TRA
e5d0587c-0861-4392-8258-16b97da6e765,BUD
50e7680d-1466-4cbd-a446-358d50a5fbef,EDU
0e36cf84-df74-4cc1-83ce-48d0d3e9142d,BAN
77202f16-0dd1-48db-8793-c02f71a343af,BUD
1469bf24-736d-49a8-9565-c48d81df0240,TAX
a41139ff-01b4-4e65-9052-e9493054d3bc,INS
bb89a193-0dcc-4cca-ae4a-820d2c025836,AUT
631bf156-87cb-41d7-9efb-fab25a3a5a24,RRR
e83e8512-bb25-4c16-b7a4-7e47edfa8a25,ENV
54d05d06-e9dc-4e30-ac52-6f1aa243dbe3,TRA
0fa252d9-9f6d-4bfd-a9ef-26501b190f98,BUD
8e8554e0-1904-4809-882e-d36ccf2ab204,MMM
caba78a0-40ef-454c-adf0-c742a2a120f2,FAM
35145114-bd58-4983-b099-5b50fb08a37f,MMM
9ea3d879-e19e-4508-9129-787c4f164c6e,TRD
da026a9b-c3c8-4355-9425-7a9eaa1e88a1,DEF
f17ae504-1879-41a9-ae7c-af3ed18b4865,MMM
7d77d02c-cfca-4482-b5e4-59d87d4c0628,HOU
6cf886a1-4b7b-4f1b-aff5-c7bf772efe90,MMM
6d94b53a-039b-4886-bbb8-cd1d2d635bd0,DIS
46bfc11e-00bc-464a-a71f-918754d25147,ENG
2d28150e-5eef-40cd-8fdf-f0da7618f77c,FIN
4ebc39ff-4ea9-47c3-8476-2e00ac51a445,ENG
25dacf41-6908-4520-a234-5d026f756ad6,DEF
b6e666f4-de75-4724-bfcc-f022bdaaea24,BUD
7736ed13-e40e-4760-933d-8c9b7d1c03ff,AGR
ce155434-73d8-4576-b792-f8ea83de2591,HCR
2d764c8f-9384-4559-ae48-0d25a00f767f,EDU
14c061c6-5d23-41b6-b28c-381442cc044b,RRR
d201c8a3-e7a8-4e62-b1ca-fbb34932a6fe,TAX
6ba106c7-698f-4097-8c0e-c38908c04ecf,CAW
266451c6-9d2d-4096-9ff7-7f8cfaf33750,SCI
ae817a3d-98c4-4cc3-b68a-b7053c8af3c5,TRA
7fac7951-4e99-496f-be03-751c35683aaa,ENV
091093bb-0d7f-4f99-90fb-e1df93b22645,TAX
4eeb7763-086a-4d8e-a405-e35d9b030374,TAX
89ae3223-f2d4-4051-955e-463d0c24af25,HCR
0fe2562a-1bb8-4e5d-aa9c-defd22d4ad18,TAX
067ba0bd-9205-4987-83b3-7c8522d645ab,PHA
12bf82ae-fd3c-4cd6-bd86-4d04c80f1884,AER
2361ae3f-3441-40cc-ba7c-7f5525baeaaf,TOR
3cd72335-1869-4239-9783-4a54da2a7f15,EDU
8e3ec853-b5b2-40f3-950a-c7df8abf3006,CPT
ab451b22-1770-4040-b602-0229312e49fd,ENG
d0a2cc7d-10f2-45db-b907-9bebd70fc47a,IMM
ee21a27e-b990-4568-a677-5d8afed49a39,APP
395a03ca-3c09-43dc-ac27-c19c78808694,TAX
904789dc-c01c-406c-b350-cf1fa5012e2f,LAW
e26708f0-2a45-4daa-80c0-015ee8d33815,CSP
8fc462ff-490c-4da7-90e4-eb4034bea4d1,BUD
76ed0348-98e0-4fda-a450-43087cebdedd,FOR
a50533cc-fad1-4ee6-a4a1-13eb119b6b7a,HCR
9328de42-a3fb-4a3b-9ddd-6a963f88dafd,IND
c62d367d-d5c7-4a15-9893-d05652a40b7f,UTI
b0bc2441-e995-42a4-924a-ba37b89885a7,BUD
2f8abb6b-3446-466c-8da7-d6c25b76694a,RRR
87f36743-f537-402f-b786-3fd8d754a889,TAX
6ca63464-7052-43ed-83ac-b2675eeadbc3,BUD
e10f064a-276c-497b-ba6f-2e1792bfa941,BUD
ea76b8bb-b508-4adb-9ef1-7ea3a2c3bc02,BUD
2b57cd00-af3f-40d3-95d9-496071e6ab15,EDU
ca2a0e55-4f4e-48d6-b0fc-ddd18042eb15,BUD
dade4da3-4380-4464-a3a9-a530cc994cc5,RES
40dbb24a-97dc-4a8e-a61f-f7e657177f00,UTI
f6b2549a-6d36-4224-a307-e9e68b395256,HOU
e6994f50-0e79-4ff8-9fce-094482ab3b3c,IMM
35e66f4b-8548-4aad-a344-4aee692d60d1,BUD
d6b3c1b8-456f-47f4-a23c-129599157a82,ALC
31622e36-195a-49f8-af9b-cea697fbae3b,NAT
b1658ba3-0eef-4fb0-9f63-e248b4042730,RRR
c9e68fde-d567-4d92-8604-92e27245e55c,BUD
830226e8-27ab-4696-8593-dffa418956d3,MED
67590703-c194-4c67-8528-3c2503f1bedb,BAN
17805bee-4618-4f5d-8c0c-0388dc36c6f4,ENG
2a371c4b-377c-488c-afe9-e46a1c64eeee,GAM
2d76ce28-8bda-4387-96c5-a5b3d9a23142,ALC
9a841195-9541-4a3b-83d9-0b0a5325f9bf,MMM
6b080fa2-35fe-45c9-a809-7aeca49df8cd,BAN
813c511f-309f-4c77-9517-47ec94ba13b1,TRD
69db4d4a-10c2-45cb-9b5e-e6245116454b,TAX
f32d3bb9-c1db-4353-a0b9-bd22d3928e0f,BNK
2d899d9c-6a04-41dd-b55a-48c9e5ccf286,ENG
c080accd-dc7f-4a97-9aaa-13f69f0de37c,CAW
f856c95b-5a29-4c82-adea-1bb8b3b6536a,SCI
1a4b165e-b565-4c1c-9fb8-052e78b2a822,ENV
98b52e9c-9359-43f9-bdf5-5743f5779cf5,TEC
b7bfc5be-5caf-4230-b23c-c31ed2f8ea15,TOU
406ab8de-c747-4dd2-8868-c490e0a421b6,TEC
90b59c35-1d76-4e34-bb8e-b9bd287bc20f,MMM
51b88c81-e6ab-4562-8417-cc2d21fb1139,RET
7d3d2286-8c99-4fd2-9baa-a74400d3742e,RET
43cfca2c-f50b-4fe5-bdb9-8316ef9b9e66,BUD
2eda916a-5da8-45ed-82e5-ec076a43066f,TAX
8eeff8e1-fec5-47f3-95b2-ed695c5d4400,AER
37a733b2-23e7-4602-a764-0420e609163b,AGR
e4c104d5-789b-4760-8e16-77461a1cd851,BUD
21aacae4-2542-4203-909a-c0990033c684,AGR
af995458-9e05-47ee-b515-fb0d846e0693,LBR
08234206-126a-46c5-bbd1-480db32df7dc,AVI
44f8efb6-ec15-41e0-9e39-26f2f15f58e1,TAX
9fb00b71-f555-4340-9d5d-273b72a3eb1d,BUD
0080068d-4a01-443c-882e-eb62de8cb2c9,TAX
4a65edfa-a8d0-4c61-89ea-1711fa31f154,INS
07c4cb4f-72c6-46c5-95b4-4ee95d83eaa8,HCR
bd1f00b6-ff05-41c3-944c-58bac65d4068,BUD
f5074a13-413e-477c-b854-b04399d76f84,GOV
7e5c954d-603d-40ba-aa29-608126208b98,RES
ea356472-4b0f-4569-9793-d9c48c9f2102,DEF
b168c755-46ce-45ba-8166-0a17d4c6eaae,CAW
2eb690b7-4676-44c7-a6cc-02b13cc8ed24,TAX
c44ef8b7-3dc6-4891-957a-9ea082b54456,NAT
e9c0a148-b02b-4cfb-bbdf-4a4c6a929ac9,HOU
156daee3-c559-43c0-aea2-0ace3231ac66,DEF
5bae36af-0daa-4900-b6b2-466f7326f6ab,LBR
b58b9032-4fa0-490c-ae98-19188b805a9c,TAX
34cc0be2-4a3f-46be-9c0a-5c9bfc52f3af,BNK
cb6984ab-0963-44ec-9e18-f1e84d19e9b2,LBR
472f8bcd-b977-4478-82dc-9bf41d4c1b63,BUD
e9f257e9-f9e3-4108-b0b6-3a8c7e771f8f,BNK
881a5b15-0559-44e9-9350-0381d1a47544,TAX
5baed42f-889f-416b-bb48-43942a9a7e6f,POS
95a6d649-3dde-49bc-87e4-996de5ed4567,CPT
f2e38460-1171-4b48-b483-cdc3e5be6bd4,MED
e2e0b2cd-46cf-4f40-96d5-b263cdfaacc7,BUD
99243bad-31da-4a15-8a2b-1788d896ec54,TRD
4753d7a7-e781-40c1-8e0a-b8e00911ba38,LBR
1c01730f-da3b-40f6-a2b5-3c0f2cfd05f6,MMM
d92a489b-8726-466f-9fb8-f8e518be4e4b,NAT
7219993b-e9ec-40d9-a67d-85de972ac72e,BUD
2b42dcf5-5e55-4d31-a4f0-0914fdf7654d,HOU
28470152-1535-462b-8735-ca65644e32c2,LBR
693d78f5-5969-4afd-9d7f-efeac69079c1,MED
8b15c75f-cd99-419b-8a4d-6d401f0ba899,LAW
93cc56dd-1068-4554-9229-14bc1486abb6,WEL
c85e69b8-6a27-4454-a58b-110b493baaf2,TOB
b1bf9a53-2aa4-453d-8dcf-68d77444d046,TRA
34f70ef1-898b-4d45-a8f0-a363b0e440bc,TEC
ae6156a2-4b80-49a1-abc5-5f59c5c3c8d1,TAX
e88fb94c-95c2-4089-b531-a3bcf134f5f4,CPT
1ad091fa-8e16-4b54-bf6a-9afd22976844,BUD
32999c48-7d97-4405-8ab0-fc7ec08dd83f,SCI
8d1801e5-58a2-4069-8c40-dd446c82f702,POS
28882a70-1e58-4112-a761-98892f80bda7,SCI
39f00c09-0f2b-4c53-83e6-60abf1295993,LBR
6d5397f3-4476-481b-870e-b68c036c2159,ENV
c24992ae-71b0-49fc-ae2c-a5b29b5684a8,EDU
5d075d31-a516-4db9-9671-53db44626f92,IND
96a15fc7-47d1-47ec-9ec1-cf536c4113af,HCR
e1c2c6e7-696a-4548-bb03-9063dc8730c9,DEF
6e792825-5a9c-433e-bf4f-9f222b39efe6,BUD
37198d60-18cc-4fe3-8edb-b257db119529,EDU
ea02289c-7dcc-448a-bac6-9f0f39530ef4,PHA
7bf64372-7d19-47f0-82dd-43711ec0a456,TEC
8637e7c9-2dcc-41bf-bdd9-6e322eb34f6c,HCR
96819b03-0d7d-4c91-96ed-bdcc9e169396,ALC
a5163223-ce22-4ac2-bc32-0cf405c84a93,ART
e1e45d26-0086-4770-adf3-2c9a6b31e391,CHM
3e647cb8-346e-44f0-beec-77724f62d91d,SCI
c44ef8b7-3dc6-4891-957a-9ea082b54456,ENG
a2ea3f8e-da78-49b9-8416-d98f56da82f2,DEF
b2032b00-19d6-4391-a4f0-c2581f4e9816,DEF
e37e10a4-12e6-4b74-99fd-73dd35191270,DEF
0619ac5f-8eff-4544-a098-e337bd9a1bd9,BAN
6fe6cf28-4fdb-47b4-bd5f-12fc01e60d5c,HCR
05ec8173-8425-4c33-85ca-50518b8fd8f1,TEC
52170fe2-a5d8-4c27-a011-87fb5a35a278,ENV
59857b91-bd0b-4075-aff1-c0ff36f34850,WEL
5ccc3bb2-cc93-45e8-81df-7f5e111503c3,PHA
cd61f048-4637-4765-8295-e7762785239f,BAN
f04e3f14-80fa-409c-b176-84da641a46f5,DEF
c76f0615-72a4-4c97-bfbf-17f2e6305261,CSP
446e12fa-f84b-494d-8f1e-38fc3a98550c,ENG
868e5963-021b-4088-9647-e22af58edecc,AGR
54c866a8-42ac-4aa7-84be-4c326db059cc,UTI
991141db-6c51-4d7e-b993-25486cea72db,CAW
d3feec64-1d6d-439d-90f3-1801777af253,TAX
1d3c4e99-34d5-4d03-865d-2e0178571211,FIN
1f816071-6fd3-4821-bea9-bb372c59fb85,TAX
b1e77f75-1ae2-4686-ab75-1ceaee24545d,BUD
7442c6e9-5896-4094-b5ce-8fe3d46ee558,DEF
2e016e51-79c6-4906-ad83-a90f275a0762,TRA
ed53242b-71f1-4de9-b9f1-de591b2d1199,TRA
2afcdc93-7bb9-4370-a975-ffa46e742583,NAT
69ab7372-d96f-4e38-b1d2-a5a80fe3534c,HOM
9000ebf9-0fbe-4086-893b-efbffc211086,TAX
4aa18ea4-e9a5-4109-84eb-c575a4f043ba,HCR
e83e8512-bb25-4c16-b7a4-7e47edfa8a25,TAX
f3023c06-5843-493f-b040-59ae80371b9a,AVI
0d2b59f9-9655-461a-ad7b-2e376b52ec42,FIN
88ecfd57-51ac-47ea-87c8-c30a7fdb3b98,IMM
49919bc8-0582-4992-bf71-8d27104dbec3,BUD
313fbca4-cafb-47b6-9458-5d9f92bebdf0,COM
a1184449-83b9-4d5b-b1df-bed9f95c679b,LBR
2d4181f9-2ee1-4cbb-a917-ed275cccb51f,AGR
af170c62-4af5-46a9-b9eb-18d65095b1ec,LAW
82e70f58-1556-4697-bb6e-455cfc773c1e,GAM
3d8aa337-243f-4669-8c4d-c1f963b9d3fa,BUD
44850155-b671-42bc-bbe1-e8b2904b6c3a,HCR
d201c8a3-e7a8-4e62-b1ca-fbb34932a6fe,TOR
f76397de-0cc0-446f-84c4-5282054c4482,BUD
4842523a-706f-44ea-8cca-6313c17a4b67,LBR
30de73eb-0c2f-4e52-800d-f1a488a3cd98,HCR
9ef77fd9-f0f3-416d-8a71-1841536be53f,BAN
18897bf5-7040-41e9-8255-69b4bc4c1ed6,GOV
d91ac891-f5aa-4d3e-8c06-f3e406ea90db,TRA
4b95ef6c-9074-41e4-9b0e-677eb5aa55f0,TAX
25737443-0d4b-409a-94e0-3602b95e4c5e,TRD
fc9d1104-26af-4085-b251-b9e41c7a2c82,AUT
e7edcca8-480f-4f5d-9fad-01ff87d2b8cb,VET
3310a3f0-366c-4191-9096-d118ae66c68e,FUE
1c490b8d-a760-4853-ac2b-82238360392a,CPT
7b89118f-6eb2-4d8e-83ab-0738dba1a25a,MED
60a430ae-acd9-4dbc-b789-6e9370db81df,HCR
74e8a997-3b83-4e50-bb1b-6b87b5a3c10d,ART
286683da-0ebe-46c8-9cb3-0df30657c303,RET
d87e2a9c-d338-465b-a4fa-faa33f0f5c47,BUD
c1f76776-2573-4a38-b646-0a9f1d0df94e,TRA
da8f23ca-af22-4be3-bbe1-e0e495797ec0,BUD
a342892a-34fe-4136-bfea-140dc02f8cae,ENG
de5b0c34-fbe3-4624-9014-4334a1ec83a0,UTI
b9aac38f-db35-46ba-ab9d-f06c9f63241e,AGR
acb5c590-1524-45f9-a47e-e296544b0614,HOU
c64a40aa-e2c6-4fb0-942b-36b6c024a4a4,TAX
e7f67c45-f379-448c-9eb8-6c7263b10d35,LBR
d557511f-e16d-4ae5-99c7-8a8753f266cf,CAW
90f24b9d-a848-45f8-9a1e-0ebfd894e4a3,BUD
0aee4420-2bee-4353-bcc6-44b06bc83ef4,AVI
3dea7828-555a-4c03-84bd-0e2dd7383442,CAW
450a7493-2dda-468c-ae83-eb9583cc4490,ART
23be8dc2-f3a6-4d63-ade2-ed0df2ba378b,EDU
c3dd2649-33d1-4146-b7d7-2043360eb596,MMM
17d71d13-c8de-4c80-9f21-9d9125e82ec6,MMM
d2e386d6-18c6-493b-a818-ba7f705063cb,FIR
575e3d08-b756-45c9-af61-6f674723bef7,TEC
c1126d5c-9f61-4b16-a8ff-70584ba7a482,TRU
46e74197-46ff-4665-ab6c-5cc92d9e9065,TRD
df2f6219-8c5c-4959-9195-0561cee0565c,ENG
fe7e1ffc-4eef-414e-b62c-b46cad717e8c,HCR
27e894cc-0355-42cb-b3e2-9061dc6ed097,TAX
ccb08ed9-2ba0-4d94-91cc-9332dac5a966,LAW
577f3d47-c1e3-4615-bb4f-7d97b0af5605,ROD
a72250b5-d593-420e-9e52-03aef43bfa04,FUE
d61543a9-9458-4327-84c1-28d35cc6c6a2,CAW
954d12c3-d529-4ad9-9c62-d5f0a986e2b8,FIN
a822dd1f-68f9-4c2f-be3e-2aedc39a4770,TAX
8722bc67-69a7-4ddb-9833-a4638103887f,ENV
5314d7d9-5ee6-4e73-8425-c02b41dfb1a8,FIN
5345e152-7d86-4ce0-826d-2b0fd85835b5,AER
d293ff11-a7df-4352-88e8-05f20f4f572b,MIA
022dad2c-432e-45b5-8f75-8927a643ed17,TAX
b70549b8-38fb-49e1-ba39-f7e693a56b6f,BAN
cc7cf3d7-e746-4afe-99a0-d7683e1c20cf,LAW
af069b13-c29c-4b9e-b358-a3cc42a1227c,MMM
44e9c387-6120-4960-bffc-9d9ab28c0437,MMM
5300d168-3847-4ec0-9521-1d270bea83c9,CSP
17ab07da-8bbc-4e68-abda-d46deb34a7f7,CPI
318fbf55-5fc4-46ce-adcc-ead9f20e75c6,LBR
07f48c23-f16f-48d8-9a6e-036356003ea4,IND
82f0abef-54e3-476c-aeab-fbe775f3a13d,ENG
7f76a68e-2fc8-43e8-a98f-5ed35c256b46,HCR
13a58971-5e4b-4f96-9106-931db46dd85d,BAN
63e5602a-0e81-49d3-97b4-0edd918dd661,EDU
250472a5-2869-4a92-84a0-dfe2d566b15b,TAX
ff865934-45b5-4868-b078-1245bc51bb6c,RET
da18aa9a-cb55-4b80-ad65-3d8e95a8fcfe,TAX
5d3b8d9e-5cd1-4cec-bd61-219b25bf0dcb,ENG
e1c2c6e7-696a-4548-bb03-9063dc8730c9,FOR
27fa365d-064c-4a6c-8434-5007fcd73b61,TAX
bd1b461a-e079-40df-9aa3-a071a7235a1a,ECN
73dea6e3-7f0a-475b-90f4-44040daa3280,ENG
ce210d60-4a92-4f1a-a654-ba6a093a10a1,LAW
8621bcb4-e9f1-455e-bbbd-16fb72581b68,BUD
5c837947-707f-4afc-aa34-8120ca353521,INS
21112ad2-f475-4ae0-987d-3a3fc4bfa7d1,TAX
9392235e-ba75-40eb-b91b-3e5ba224f280,BUD
ea24681b-670f-453f-8509-8dcf97ac51a2,BUD
837e7696-f70c-43c6-abfa-23ee503b0124,MMM
9e7295fa-6dae-4b41-a40c-7625d72ed145,DEF
e935e810-64d2-4836-bc83-b161883b7c2b,TAX
6bb25571-cec2-431f-be55-4f4b0db83a51,FUE
b0584458-99b9-4bdc-89b9-0c2098b0e28c,GOV
01f903ff-0f48-477c-9605-d3021e7b6251,HOM
cdbad72d-f09e-42ae-a983-242576899ee9,POS
fb592c6e-f344-4bb7-b0ca-3ca10940f097,BNK
a10f1f0f-3bf3-4f8f-8c32-8ad8e8fad6db,TRD
b6252ab6-2ded-4d26-aeb6-5115bc0b6754,DIS
7f4c6b3f-3c3f-4fa4-b6bf-b917773e7b5b,EDU
56ca21f3-3de6-4214-b561-00f04ac552b3,ENG
94afeb89-b888-427f-b624-9ce5cc885541,BUD
8d97f579-034a-43f5-8fb4-2415ff49a024,BUD
4ce2ef6f-daa0-41f9-b51b-2c31a1a0974d,SCI
d7354917-bdd0-4f7c-992c-c8dce6078122,EDU
91642073-258c-46b3-a686-94c62b1f3548,FIN
9375fb42-bcf1-4e72-8441-2b7c99dcf5ed,CPT
cb7a3806-529d-434c-9258-2cb5c398c1f2,LAW
ee7f63a7-2b23-4221-9897-75c9a909e3c5,TAX
08b36b50-841b-4d50-8757-fc78869bbbe9,TRD
29b77c29-a8e4-4d88-a0aa-500dc5659e3d,GOV
a2fd7d40-311a-4669-bb40-98e0ee9f7d20,ENG
9ff29466-f8d2-4b8f-9e48-dc1008048943,DEF
ab2451d7-1e05-455e-9a96-e91610ed2d7a,BUD
790f89cd-d214-4aae-92c6-7ffa667fbbe6,BUD
d8f6e62f-abcd-404e-8b69-12900a8a9fe6,ENG
6185d44b-a575-4040-af2c-aaf7cb143914,TRD
75a0e97f-6d90-40ff-8dfc-d7c13e0b1ece,CIV
118e4340-98bd-4a19-8a03-894923656210,LBR
e19fa437-8e61-4c69-bbdb-30bd6ab5952e,CIV
87850798-7791-468f-ba8c-b1e198caf361,ENG
08191fe9-db21-45a8-9cd7-70c51fc6bd50,BUD
e8537332-222b-435c-a222-c4239fb17da0,BUD
0ce8a498-48c8-453c-9e63-55a0440ff4f5,MMM
8b9e4401-5672-4487-850d-29aba6f342ff,TAX
ee21b08d-8b6b-41f8-bc76-669f95c02aa5,GOV
7b0bd063-7b13-4f39-9c26-b0bb3adf3303,CSP
08e5a832-00b1-4e05-a9e1-e64265f8f130,EDU
92355a06-f405-411f-ada9-46d42742fad8,FIN
2cd0efa9-3502-436b-9169-35c37304b256,IND
54ddc599-4217-4487-8d51-63f6d0e052ae,TOR
78efa3a0-712f-447b-9aa4-74ab789a7cbf,EDU
0ae30bbe-12a6-413c-914e-03159affbe57,CPT
2e31fe0a-a495-4918-9cbb-4a651de69e32,LAW
991f6000-abbc-49d7-9db0-86716a272b0b,IMM
814dcdd5-9aab-4468-b80b-b97efaf3cec2,POS
8b9e4401-5672-4487-850d-29aba6f342ff,MMM
9ba62703-a228-49e4-aa91-9ff023f6d582,FOO
2c85915a-07aa-4180-97ab-1fabd41c7bdf,TAX
b0e5df5f-1f8b-4042-837d-942afe06979a,GOV
aeb8f51f-66dc-4c80-9168-b8d926374eca,BUD
dd23cdf0-2da3-40c8-b659-e14a35968946,AGR
d0536915-c9d0-4f84-8a64-58df7eefdf67,WAS
e9544f09-449e-4c92-b60d-1115d79348b3,TEC
cb67c124-2344-464a-8556-1e1817d52405,BUD
55653ea4-5e5f-417f-aa07-67849b1acd3c,BUD
411a51df-63f5-4cd2-88ba-c79f0dc2adb7,CAW
659ff834-0d9c-46e7-856f-3187501e6231,TRD
62168c28-8b0e-4908-ae50-d65d57c39b43,EDU
fe40bf16-7df6-47c1-bd64-93a5cc49271f,TRA
5265838d-2aaa-46d5-af06-9fb2ca2ac52b,DEF
10913f5e-9ca0-4979-a5df-210d66c5213a,ANI
293e06dc-4873-42e6-80b0-457287bde59e,ADV
2ce9d809-aa16-4040-a45b-45150e9ed740,MMM
bc250500-1539-41bc-b0fb-87cf3196552a,RET
ef50fddf-2584-478b-aaeb-87705dec7c11,EDU
76b5fed5-197c-468f-acb3-7a25b0929046,BAN
57a15a23-2f17-43b0-bb8e-d575f611f8af,MMM
00ea002d-7551-420f-9b79-7adad94677d3,BUD
afcae14c-f2ca-479d-854b-594c47e50a0a,HCR
7c4f37d3-55aa-47d4-82e0-8be86c4f5d3e,DEF
2562a624-8151-46cb-8441-35a13b2efb05,CPT
c097a316-1d45-4e47-a058-a20983733716,HCR
0af39e43-18c3-4703-81d3-04893b60c5fb,NAT
e5dab020-4f11-4dd9-a2f0-ea9bad4d29db,HCR
30c82c6c-4a11-4836-bf8b-027f8ce41064,TRA
d20a8817-14af-4a2b-b630-bb8e27cd18b0,MMM
bfdd82a2-ad27-413f-8de6-f9a5e1775f82,CPT
329277ad-da46-4c25-8033-c0ac8d6a7096,TRA
aa5f9543-769a-4161-ad88-4313b2446b90,TRD
0d3886bd-e018-41a9-93fb-b7ce1448b563,BUD
125346d7-5eb8-456c-9077-7952f8bb1c70,SCI
8270e837-74f7-4274-bb95-51fb5e94e35f,MMM
266451c6-9d2d-4096-9ff7-7f8cfaf33750,ENV
a3981677-5b20-47b0-86c3-9ed334aebe75,FIR
a3383a93-7123-4f75-910a-bc266a43e5ed,INS
92991f9f-5a2e-4ad2-87f9-14de32dc7e96,HCR
451964d3-16b1-4b36-94e1-e15c5a9483d4,TAX
068fbe61-43e2-4aa8-988d-ee9213415ad6,WAS
51aa3af4-508b-4ea2-af5d-d1f36a34bb60,HCR
ac079de6-e70f-4403-8145-355ce2e7a2ee,TEC
ead2d411-992e-4829-baa5-4d4cd5331375,AER
ad39ab4b-97ec-4612-9197-cca85b829b0f,RET
db5279a1-ae41-4b30-b3d2-4305a9637b05,BUD
64727a19-1c2f-4afc-b072-9f452ea01f1f,CPT
fb499763-9c67-41c3-8362-b9768649ce75,ENG
e6200489-a762-4a3e-9c95-7f5ba290c1be,HOU
96a7fb2e-e9df-4526-8718-f01c9107dec1,BUD
8cab9dc3-aacd-4004-9a25-5f5e92520b45,BUD
9a9dd8df-1d36-4364-b565-96f3f5548428,TRA
2d70363b-37ec-443f-9f8d-35ca5a416669,SCI
74c02025-9d92-4db7-a99c-047d689887dd,ENG
d43749c4-b3c1-49a9-90a7-d86dc759d86d,TAX
a24d4d87-dbd2-4575-9efa-d6cf806cae26,HCR
713143d0-28c2-4047-9c75-a8e9fd49b21f,TAX
1ee93ca8-afb1-43bd-9c35-1ed95f5988b5,ENG
c5a1ef99-26b8-4d84-8256-8fbfbaa5bafc,CHM
ea08d15d-8a06-4169-bd26-689137eb381f,FIN
8e831959-21da-4a85-bb6e-b218bbd4d918,NAT
401b247d-f247-490a-a61c-fa0b8a536af5,BUD
146a7f59-f351-42e7-a0af-32322ad18332,MMM
d442f1f7-9a69-492f-be5b-37af37017811,HCR
e0a3c8fc-c1b6-4b54-8ae8-9fbbee707f7c,HCR
1ac44f5b-cabd-4123-aef0-dfbb5ea5a3e4,TOR
aae4b42d-0a15-4caa-bf87-df67af225d89,TRA
ec59d6fc-5439-4273-9b59-8d7e5cd07be8,HCR
63ff22aa-1ebc-4e1b-b46c-ceb1386bad4f,CPT
2f53802f-c6bf-4fd2-9bea-a32bff798c99,HCR
9355fce4-4f8c-4996-8baa-5dab2380ee0e,ECN
e1843988-5439-4dd8-8e9e-d4fa4a2b9165,TAX
30af6680-6c52-413b-b0db-b6aac4f15452,COM
c6ae92b1-d3bc-4b65-a789-6da560907648,BUD
50237517-8767-4c02-add2-a522dd402566,ENV
8c78ea90-e960-417d-bf84-04207e0c1db9,TAX
88626066-5c48-4fc1-9c67-d5411b983e33,INS
8a8c33ef-e0df-4f9c-bdcc-7ed44954fe16,ENG
7b949c60-0b86-4a22-a5eb-fb3b73b916fe,AGR
6e69d1e4-5fec-4970-a62e-0614b9622f5d,MMM
a6604723-1e69-498b-8600-036280cf429e,TAX
8c2ba742-94ec-4d13-9632-3a7983ff2693,POS
875cf8a4-5e5b-4cfb-952a-42d2dd0fdf02,BUD
34276873-5c66-419b-a547-7845b2441705,MED
741da6dd-c794-46a3-8c89-64a13106c79e,CIV
9497ce4c-369b-4bdd-822a-60791640ec3d,TEC
d3137e73-725d-486e-9636-92d08bcbfef1,BUD
bde8bea4-9700-40a6-b0b8-5425d0b2ad7d,HCR
20f0e913-bb18-4529-8319-d30f04d57a56,TAX
be0387aa-a9a2-4340-be5d-e0af57feea6f,BUD
7b741aac-0fc7-4af3-b2ec-c26a830ed0a2,TOB
01aa4863-f172-4772-a534-4e45753888b6,ENG
edaa9f7c-f95f-4b58-9dbd-93f14a0f8a1f,EDU
7c92b6c6-e576-49cb-aabb-44679b357212,HCR
fb452164-f3b2-4b5d-9ad1-121f198927f1,CPI
b38390c9-bb60-478a-99cc-528445ee865d,SCI
e3d0fe05-50f2-4e66-b8e6-523a65f6afa2,TEC
2dba14d2-eff6-4571-b1f4-af6aa52e6f1d,COM
c2e9df08-a258-4349-bd8f-81f1f99e151c,DEF
d2668f1c-61cf-4520-889c-eb611769a5a5,TOR
d83196e7-8643-49b0-8973-ea6bf3dbe621,TEC
d670a6b6-3190-4d89-9de6-5865f03ab034,TAX
690d8add-55fe-439d-beca-e0a2ad3d2d5e,MED
68b85028-b425-468b-b207-515ef9f2e432,DEF
0ce24105-abef-4006-9263-8ba8259af588,ECN
e5c4aa68-8263-4059-8cd0-c17cbae5ecb0,ENG
b9794c0d-248e-4377-b72e-f2b3c41b1b25,GOV
ef37613e-e561-41cb-96dd-85ba671bf143,HOM
4af5435a-18ae-4e77-831d-999998526e70,AVI
95dec5b9-7420-46b2-bfe6-7fd4ab38a87d,ACC
60e040ed-625d-43f4-a15d-800a5853eb09,TAX
3918ad0c-23d1-492d-b4b1-63c44bf837ca,URB
6c06db7a-6908-449c-ae04-0921e0c8b2ab,LAW
8aae6e61-296c-4966-92bf-a2abc3242f8f,CAW
314990e9-4880-441e-9860-996a0f2b7d35,RET
c0758407-9a89-4a72-afe3-c5f3a148b365,ENG
de27e3b9-c82e-4dc3-bc9d-96ff076b8627,BUD
ad39ab4b-97ec-4612-9197-cca85b829b0f,BNK
15838cb5-c43f-4fb6-9a6c-49b2a4cd1207,TRD
a7c85cc0-b6d6-4f85-8980-dd4a879b3c95,TEC
765bc2f1-5f58-4247-b6e6-c4d3dd5834fa,UNM
21d5f3cf-6e4e-4349-9ad7-c84c0de49179,TRA
d046ece6-fd39-4eee-8d00-05c8a662e115,APP
023b30cb-ecaf-4c8d-a387-4bed8c021cc3,TEC
877ad5de-47fe-4e37-89d3-f149b5dbf4d5,HCR
cf9d3864-00bf-4903-9b4b-b7da4049f8b1,HOM
305fdc3f-7315-4726-b7e9-f206f7894a82,TRA
50a339d9-5a0f-43a1-a93e-421590428629,PHA
aeee2382-4221-4340-8415-3578bac659c9,POS
f51f2160-6952-44ab-b8ad-e8e7d747cc6f,HCR
1624b762-bcb1-4cd0-bb92-69b5ebf1c148,BNK
8172a420-a46f-46b0-8735-879263d18a23,DEF
abd76131-9f65-4577-8bc9-7fd80cc6e096,BUD
ce0825b1-f965-49bd-8c7d-889af7a9f0d3,HCR
1c28ec1d-51d4-4d9c-9024-83495ee77d4e,TAX
b89c2261-dbe2-4c5f-9933-45f92c88bf0b,HOM
7f010743-31d1-441d-a2ee-4372486b97c3,ENV
3d101d93-72a2-4e0c-a032-1fed1264682a,HOU
6d0f280d-4a19-4dfb-b256-916395207b61,AVI
872b1193-cd83-4d2e-a1e4-babb443aa8f1,FIN
d65e44c7-447b-4242-b350-2939465effd5,LBR
902b4e28-2177-471a-b3fc-736b11ff7ae7,EDU
696cc40a-22aa-4dfb-9a7a-baf7c033da15,BUD
cb7e8050-5dad-450f-b1ba-e89275c37c15,DEF
509eaf77-9715-4a09-914e-5c30268112d7,MMM
86a10b4b-70f4-4922-acb1-7f06f3ca36f6,DEF
b71f1898-1b58-42ac-b373-6a44e7295959,RES
66b85c9c-543a-4e30-be28-94e62a642e4c,TAX
c265beac-3efe-4896-b4a8-2816a2b5f299,DEF
4cff793f-9ff7-45e9-9e5d-c34118827aaa,EDU
4174ffe8-c139-4369-a3f3-32c0d4fcf153,INS
f30a4b63-30a7-45f3-a850-f0dd5a464fbe,TEC
f25d0db8-c37c-41eb-bb86-203a033037a9,AGR
5ca823f9-9694-4ed0-a1dd-afc1db8cdfb3,ART
f86b0ed0-8ef4-4f45-8944-5bea25ed7954,APP
8f8c2f91-721a-499f-a30f-1133aab82bbf,DEF
a8c5a36e-76ea-49c1-9c7d-8484d0ed612b,ENG
980f86cf-8caf-4848-a94f-782c6456ded9,ALC
be297e0c-354d-48d6-9b18-8752388abd4e,HCR
f3589520-24de-44f5-b9b2-2954bc3a4912,HCR
a8920c92-d0eb-4114-b6b3-5298d53dc192,TAX
98e4b317-201c-4406-b9fe-72616d9206a0,ENV
8057acea-8fb4-4cba-aa9e-4f350cb25f58,BUD
8127b51c-02e8-4e14-b019-56dc2e8b248e,IMM
373de99f-8c85-45e2-ae5e-b52572405414,CAW
8811109c-fb79-458e-88fb-0520c319a2ea,BUD
12d2610a-eb89-4e4e-a1de-bfa2daf0bed5,MMM
f376c487-14e8-477d-be10-19109741141d,RES
ae33b809-bcb4-4882-879e-65b212681c3b,DEF
18e2c3d8-7750-45cc-af38-3891ca3a1310,UTI
edee247e-b3ef-417f-acf9-40baf1ae9daa,BUD
6c186fea-81c1-49d7-9d0e-a954185b4ec0,FAM
775a9141-2663-4fbf-b4a5-258cf19dbcf3,HCR
8dffdf46-262d-43c2-9aae-a83216794e47,EDU
76b8a3b6-fee2-427b-83ae-d96b9ddb2a65,URB
77aae2c5-2092-4f6e-9848-0e4f571cccb8,TEC
095544ac-3b4f-45ae-8c13-2c654707b804,DEF
8dfbe866-1806-4b63-ae47-af1c5013fb2f,TRU
4c24533f-6455-4db2-b4b5-858e9aa87284,MMM
e9bf1b21-1a03-4d9f-8ce3-e0df1d69dd97,TRA
78df03fe-efb9-48ff-9052-24929b1050ef,TRD
8e0e0008-5c1b-4b3b-a175-50df1cc16552,ENG
a8b12a46-80de-4487-b48d-2a1dbc4b320a,BUD
d486e18f-e542-4a39-947b-9ee281f1630b,AER
8b5428e0-9fec-4961-a566-dc8c9e8eb384,TRD
990ec0e6-abe3-4ca2-a007-04b4f4c31979,FIN
230d14dc-c41f-49b7-877f-340d928b4fd5,HCR
b185e106-1e3b-4a48-a00b-c23c6a87a6b7,MMM
51e14d64-ae9a-466c-9b55-7b55f70bcd41,RET
438a8e04-3002-4b97-9a8b-ef5f6f62a8ab,FIN
d2f2e5f6-6f6a-4668-b22d-df5ceeda3224,COM
e21f4ac0-5264-40ff-b59d-db76000b12f4,FIN
befa0642-3583-40f6-b0ba-3882fce39362,ART
5c1a0278-5f9f-43e7-aa20-c8c1e77d74d7,DEF
31b66d25-0649-4123-9510-19897c72e3a5,CAW
0f7a5d7e-df90-491b-8a78-8cad41293857,HCR
7b5df603-1fb4-4e2f-a25b-1669ea4bb668,BUD
32da9922-a4c7-4762-865f-a1014fcd8952,TEC
6853ff57-3fd6-4842-a271-758981230559,DEF
d1fae5e1-802c-4cfe-bbd6-44262b4232bc,ECN
5ea69a7f-7fb6-4615-b194-7fa302bbe210,EDU
64f65158-766b-492f-83dc-5092ea16c12e,TAX
727cdd20-9e1f-4d0a-a070-75bb97078b30,TAX
2233cc7c-cd03-4131-990e-836c9f4e5024,DEF
ef5bb394-be7b-46d5-acca-281221b800f5,MAR
6ae828f8-6c25-4dae-9d51-1a986a8a5190,TEC
c84c697c-1461-4793-900c-635f4a0a0f60,BAN
d4a5d997-eab9-4602-9f8b-85172e9ece8b,CPT
296a33ee-e841-452f-9c9e-6823203a8abe,WAS
07bb4d5e-07dd-40e7-839d-15af4051b12d,DEF
2f64bfce-34cc-4940-97e7-19508db4562e,DEF
cbef8075-d230-44de-a262-851587eefd83,UTI
87064806-4f53-4019-b36b-c0ed9df29b02,TRA
e496215e-a84e-4cf6-bc05-c2f3043573a3,TRA
80883dd5-d95e-4aaa-a295-57cf4481a690,TEC
0d51976f-b97a-4d0d-aa29-7aad57c5b888,BUD
ad6da27a-ef49-406d-b695-4655def98556,SCI
c14b8420-345b-49f8-97e5-1f1a95c4a4e2,HOU
04e36b1c-0257-4447-8065-fc0dcae50731,HCR
a41139ff-01b4-4e65-9052-e9493054d3bc,RES
fe70ab5c-d18b-45fd-87ca-c7f47a5384c4,INS
5df31240-19bf-4190-8c8f-80e45ff57670,ENG
cc0e8cd5-8667-46e0-ab57-ca3208e6388d,VET
4d14336b-df0d-4e9f-b611-3dd532c56f04,MMM
a9c630ef-3be3-4db6-81df-a3ed0821d39b,CSP
106501de-651e-4c89-af9c-de0cea76feab,CSP
ca3857b3-25c4-4275-b141-a8a3713f0616,TAX
e2efe211-6af5-41be-92db-68cd26203856,EDU
9850300f-21df-424c-a52d-45544599e7b2,DEF
7b850754-caeb-430d-bfaa-b96cc9abaede,MMM
e07f4c17-f2ff-4714-9c33-e1e374b12dc9,TOR
0631b553-c591-480b-a21d-84ed61e5ab73,BNK
11b1b00f-d68a-421b-98ff-f7df22f6f4d4,AER
463201e4-bb6f-49c5-a785-0a3fe6caaada,TRD
267dc19a-1604-4a01-84e7-6f55747f1953,RES
eead74e5-5a09-4044-8b03-ff22c972577a,GOV
e4de1246-f07f-4373-8b14-1361820c9342,HCR
0a080f03-63af-49a7-8ec5-058d0a3b37b6,UTI
e51cd1a0-49b2-4bea-b063-85fbb7684fd6,TAX
a82c505d-2bc4-4a45-acc0-c1141e1488b8,TRA
2de0648f-c530-4163-b4c2-2cc41513b9b9,FOR
000d9eb3-8c23-4c6d-9f2c-bb367972902c,HCR
8f2f5d2a-58fb-4a76-9ac7-78def03c714f,TAX
66fa9929-d3c0-4bdb-a379-06f7b37142a0,SCI
ebfe0f1b-beec-4eac-a48a-37ad996e17cb,DEF
47f5282b-8fa5-49ae-800e-34cf72c2ebb3,TRD
ded26861-83b2-4933-ae70-32096a985e24,AVI
8aecf8c4-f953-49a5-bc18-7e3d89efcbdc,BUD
8594524a-d34e-4804-a0df-4bc209684704,CAW
69af98d1-61df-408f-bf07-3e721f1cb6d6,CAW
acecd9e7-e84d-4405-85d3-64fede7769f8,BAN
3ab8807d-eb18-4915-8dfd-f01622927f1d,MIA
f36ea10e-8446-4127-a196-30f6ff4cb032,TAX
de9014b2-0740-4245-84e8-1c5138412ede,IMM
29c51eb9-062a-479a-95f4-8efa2a5e0c9f,TAX
da8d9c73-294e-4570-b0bc-c462e4b58ebe,FOR
38f01929-12d3-4028-a301-86d031e5eae7,LAW
ed1dac8a-0173-4e74-91de-7bd6f5b2ffe5,BNK
dc039be2-48fa-4026-ac46-9861e2170d3e,DEF
9d8c8b16-f777-4c25-a31c-6df397aaa70c,TAX
524f4cdb-0753-4c0a-a8d7-aa7147d1bcd2,BNK
23000079-2861-4d86-bc99-0b0d28deb6c3,HCR
d3c292d1-12c2-43fd-a06c-aa8bc4918d24,BUD
f47250ce-f617-4da5-a296-0476d71ad69a,TRA
c0096c61-d0a8-4090-816f-0e8b4baa4ae8,GOV
ed26eeec-597f-4cb5-b97e-628cb33aa4e6,BUD
0cdf1aab-94c4-4212-b106-53e8020b40e1,TAX
a0b162cc-c0e7-4d04-8f45-ccbc914b8ae1,TAX
2bd07d93-225a-4c29-9721-f1ae4cb3ffef,MMM
711862e2-c5d3-40eb-8435-74625b21607c,BNK
b2f78f6c-5d16-4248-939e-6861ca53b7f6,LAW
abcaaf1c-14d3-48d9-95eb-223da2f3e97c,MED
d1bf513e-6112-4b99-a733-095a8d868886,COM
cceaad55-c16c-468e-875d-60bb94410b41,CAW
6c6fe3cd-7c3c-4239-90f7-34bc9990f466,FOO
283fe6e5-dea4-49e5-86bb-06e709ef5be8,TAX
e543c1d0-3967-4e5e-972b-f67fa9bd5d12,TRD
d071f7a3-4602-44ae-952b-ac4b5aec1d20,TRD
150a48fe-e142-4ff2-a1c1-0ca754216ea6,TAX
f536d79f-e194-467e-9c79-4d462bd6a629,AVI
dbc0ec21-b52e-4d92-92e3-c6d3c439558b,TRA
ec42ad64-b4f5-4203-814a-aa0071b142d3,SMB
0e3f4ba3-d913-4ea5-88a8-36deb296800e,MMM
ddf91f22-3873-4a38-95bf-956c512f8bcc,ENV
79969be9-0bd6-4e70-99cb-848daac32bc3,TAX
90a504e6-50b5-48e5-866d-574f228b3d0b,TRA
51fb5cc1-39e8-4409-b486-d446b1449287,HCR
05e76c6d-d365-45dc-aa94-6d69e1a846bd,BUD
97c93c99-737e-49a5-81cc-aadc02c5d0a8,TAX
ae3c7080-441b-46eb-8712-e8abf9df2aab,FOO
5bcb63dc-0735-4faf-b4f2-45c9bc47d115,BUD
9feaf37d-860a-4008-9f31-be6d0fae7b0e,FOR
f2b60db2-3572-4632-be58-7cea1d4653b7,MMM
82aeb190-e3bd-47b8-a883-e147664de097,TRA
150d6ec7-5d09-4255-a05c-0264aac06df0,MED
78b7af1d-2318-4d7b-bf78-cdbb8a550cb1,TAX
2cc1b578-2768-42ce-8cab-6129ab43c77f,TEC
3b9ee934-2f50-45ca-87a7-f2c988d06684,ENV
5ae579ed-268a-4a95-b73c-0b6acafc846b,AGR
913a2372-8cd9-40a8-a667-faab3a22b461,HCR
55b9d698-ec92-43ce-8a92-e58b49f00937,RET
a9e6fab1-7594-4568-b009-1f0c6146d1b3,BNK
70b726cd-6705-468c-b640-65398ec09054,LAW
27757534-e5f1-44a6-8775-a8abc7832fc1,LAW
9afac2c8-c301-4099-a721-abfa1677e011,BUD
02ee3f32-b926-4b88-9b0a-99a34a2ffc39,HOM
da8d9c73-294e-4570-b0bc-c462e4b58ebe,TRD
b58d015b-db4e-461e-89d9-7dc6faf74217,HCR
1023b8cc-b732-468c-944c-c677eb6708ed,GAM
3d2c614e-c584-434a-9dfc-53225cda11ee,RET
3a3614df-82cd-4b30-bdd5-6d58165da140,SCI
904d7852-2595-4087-b414-e2ae1538398c,RET
03e6aa7e-1266-4fa5-9ee4-ee963246b458,BAN
9ef11dda-c1c3-4450-90f9-17740def691e,HCR
cb5cee8d-0a71-4b45-bad7-720f2a599828,TEC
aaa41816-9000-4b26-8288-9afbfea03688,RRR
129c8e28-fec7-4778-be03-968dea40ed83,RET
ae0777f7-90bb-4b3b-8cf7-708bb0a4feff,SCI
26b18013-3ddb-4452-92ed-2f205b218a6d,SCI
fb444b07-6a7c-4fff-ba45-09923faba00a,CHM
5605503e-c1aa-44ba-99c3-c720f6be1e98,ENG
196fada3-744e-4bb4-be6b-bcdea8b5e69b,GOV
d8d3b2b9-ac9c-47b1-920c-60e70c1d796b,BUD
4c5ec193-d9d2-4c55-b1a9-a7dd4275cca0,TOR
2469cc35-9fcb-4804-8a1e-73ba5b5109a6,HOM
ad010708-8fb0-40ac-9797-e4bdd26e858d,CAW
99902e00-babb-4495-b2b1-62a3bdeaa054,BUD
6ebb51b9-5e7d-41d2-a10b-af27793eef25,LBR
95b12c21-98e5-464d-8ddf-8d4a0cb0ee45,WEL
28b79578-1f47-4887-baa3-d144b9727028,TAX
3a8f09ab-d811-4586-bc4d-6016f90f2e20,TRA
e3dcf48f-9557-4de3-a9c9-70c225f58ddc,BUD
b2e56106-cc63-4c5b-a925-4efbaab9113f,BUD
668cc0f6-4667-43f5-8a08-6001712ee7f8,ENG
fe428b0d-84c2-42cc-98de-6ef3142c63c3,SCI
1bcb0dd9-75bd-4788-9eb9-310996c30816,TAX
07e55728-7ce3-4e56-8391-a74f251fbcff,HCR
29cbe52a-2122-45fe-8888-630529884570,CAW
17f0615f-8400-4014-a66b-481765719d33,HCR
d365a208-09bd-4659-a14e-3b1af36eb44f,CSP
c7369330-4f74-4743-ad52-ef7f527dc49b,AGR
c865eb60-f8fb-46ad-ab18-26621dd71b07,ENG
4d82a8c7-7d7e-42aa-a8e9-38f750fd3d0a,FIN
a28a323e-ab63-4a16-9d2a-e0ba8e4c48f6,TAX
4fdc81da-2578-41c7-b9d4-1d13003c32ac,SCI
c47ef928-9f5b-4506-a62a-2b0e30a5acb9,BUD
f0bcd983-252e-4d49-991d-e2de8c3b1180,AGR
aec1fe73-dd6e-49c7-9e83-0e0ca1f02584,EDU
a06da727-5045-4c2d-b305-de40a3e233ca,TEC
c82ac91f-021f-4226-9f67-36d596fbeaa5,RRR
181e8c76-57f4-44a9-a405-d5c41fa38771,TAX
88ce7606-81a0-43dd-9b71-df6655012684,ENG
6db280dd-ee51-4c76-9a60-b75b6fa8bd75,SCI
e9c69664-3cc9-4950-abbc-0522dd33b329,TAX
4ebf083f-29b0-4065-b454-9f60aa5c3713,IMM
a557cd8b-2542-489b-bac2-a3215bd2f8cf,TAX
a00d506f-8c4a-4ba0-81de-53f6455295c0,LBR
8ed47894-833c-4d3f-b347-fb456df0f338,BAN
096a9874-a964-4b99-804a-04f4762e0a56,BUD
3e21e6dd-1834-4bb9-8cf1-5e39dffc3897,RET
